users,family,chip_offset,near_far_db,ebn0_db,symbols,method,jammer_db,errors,ber,max_crosscorr
4,walsh,0,0,8,12000,matched,,0,0.0,1.1102230246251565e-16
4,walsh,0,0,8,12000,decorrelator,,0,0.0,1.1102230246251565e-16
4,walsh,0,0,8,12000,mmse,,0,0.0,1.1102230246251565e-16
4,walsh,0,6,8,12000,matched,,0,0.0,1.1102230246251565e-16
4,walsh,0,6,8,12000,decorrelator,,0,0.0,1.1102230246251565e-16
4,walsh,0,6,8,12000,mmse,,0,0.0,1.1102230246251565e-16
4,walsh,0,12,8,12000,matched,,0,0.0,1.1102230246251565e-16
4,walsh,0,12,8,12000,decorrelator,,0,0.0,1.1102230246251565e-16
4,walsh,0,12,8,12000,mmse,,0,0.0,1.1102230246251565e-16
4,walsh,0,18,8,12000,matched,,0,0.0,1.1102230246251565e-16
4,walsh,0,18,8,12000,decorrelator,,0,0.0,1.1102230246251565e-16
4,walsh,0,18,8,12000,mmse,,0,0.0,1.1102230246251565e-16
4,walsh,0,24,8,12000,matched,,0,0.0,1.1102230246251565e-16
4,walsh,0,24,8,12000,decorrelator,,0,0.0,1.1102230246251565e-16
4,walsh,0,24,8,12000,mmse,,0,0.0,1.1102230246251565e-16
4,walsh,1,0,8,12000,matched,,227,0.018916666666666665,0.49999999999999994
4,walsh,1,0,8,12000,decorrelator,,11,0.0009166666666666666,0.49999999999999994
4,walsh,1,0,8,12000,mmse,,12,0.001,0.49999999999999994
4,walsh,1,6,8,12000,matched,,3047,0.2539166666666667,0.49999999999999994
4,walsh,1,6,8,12000,decorrelator,,11,0.0009166666666666666,0.49999999999999994
4,walsh,1,6,8,12000,mmse,,12,0.001,0.49999999999999994
4,walsh,1,12,8,12000,matched,,6068,0.5056666666666667,0.49999999999999994
4,walsh,1,12,8,12000,decorrelator,,11,0.0009166666666666666,0.49999999999999994
4,walsh,1,12,8,12000,mmse,,12,0.001,0.49999999999999994
4,walsh,1,18,8,12000,matched,,6069,0.50575,0.49999999999999994
4,walsh,1,18,8,12000,decorrelator,,11,0.0009166666666666666,0.49999999999999994
4,walsh,1,18,8,12000,mmse,,12,0.001,0.49999999999999994
4,walsh,1,24,8,12000,matched,,6069,0.50575,0.49999999999999994
4,walsh,1,24,8,12000,decorrelator,,11,0.0009166666666666666,0.49999999999999994
4,walsh,1,24,8,12000,mmse,,12,0.001,0.49999999999999994
4,pn_shift,0,0,8,12000,matched,,50,0.004166666666666667,0.22580645161290322
4,pn_shift,0,0,8,12000,decorrelator,,3,0.00025,0.22580645161290322
4,pn_shift,0,0,8,12000,mmse,,2,0.00016666666666666666,0.22580645161290322
4,pn_shift,0,6,8,12000,matched,,644,0.05366666666666667,0.22580645161290322
4,pn_shift,0,6,8,12000,decorrelator,,3,0.00025,0.22580645161290322
4,pn_shift,0,6,8,12000,mmse,,3,0.00025,0.22580645161290322
4,pn_shift,0,12,8,12000,matched,,2900,0.24166666666666667,0.22580645161290322
4,pn_shift,0,12,8,12000,decorrelator,,3,0.00025,0.22580645161290322
4,pn_shift,0,12,8,12000,mmse,,3,0.00025,0.22580645161290322
4,pn_shift,0,18,8,12000,matched,,3331,0.27758333333333335,0.22580645161290322
4,pn_shift,0,18,8,12000,decorrelator,,3,0.00025,0.22580645161290322
4,pn_shift,0,18,8,12000,mmse,,3,0.00025,0.22580645161290322
4,pn_shift,0,24,8,12000,matched,,4529,0.3774166666666667,0.22580645161290322
4,pn_shift,0,24,8,12000,decorrelator,,3,0.00025,0.22580645161290322
4,pn_shift,0,24,8,12000,mmse,,3,0.00025,0.22580645161290322
