Reference,Value / part,Footprint,Description
J1,USB-C / CONTROL,Connector_USB:USB_C_Receptacle_GCT_USB4105-xx-A_16P_TopMnt_Horizontal,
F1,500mA PTC,Fuse:Fuse_1206_3216Metric,
U2,AP2112K-3.3,Package_TO_SOT_SMD:SOT-23-5,
C1,4.7uF,Capacitor_SMD:C_0603_1608Metric,
C2,4.7uF,Capacitor_SMD:C_0603_1608Metric,
FB1,600R@100MHz,Resistor_SMD:R_0603_1608Metric,
C3,4.7uF,Capacitor_SMD:C_0603_1608Metric,
C4,100nF,Capacitor_SMD:C_0603_1608Metric,
R1,5.1k,Resistor_SMD:R_0603_1608Metric,
R2,5.1k,Resistor_SMD:R_0603_1608Metric,
R3,22R,Resistor_SMD:R_0603_1608Metric,
R4,22R,Resistor_SMD:R_0603_1608Metric,
D1,USBLC6-2SC6,Package_TO_SOT_SMD:SOT-23-6,
U1,STM32G474RET6,Package_QFP:LQFP-64_10x10mm_P0.5mm,
C5,100nF,Capacitor_SMD:C_0603_1608Metric,
C6,100nF,Capacitor_SMD:C_0603_1608Metric,
C7,100nF,Capacitor_SMD:C_0603_1608Metric,
C8,100nF,Capacitor_SMD:C_0603_1608Metric,
C9,1uF,Capacitor_SMD:C_0603_1608Metric,
C10,100nF,Capacitor_SMD:C_0603_1608Metric,
C11,1uF,Capacitor_SMD:C_0603_1608Metric,
Y1,8MHz / CL 10pF,Crystal:Crystal_SMD_3225-4Pin_3.2x2.5mm,
C12,15pF,Capacitor_SMD:C_0603_1608Metric,
C13,15pF,Capacitor_SMD:C_0603_1608Metric,
R5,10k,Resistor_SMD:R_0603_1608Metric,
C14,100nF,Capacitor_SMD:C_0603_1608Metric,
R6,10k,Resistor_SMD:R_0603_1608Metric,
JP1,BOOT,Connector_PinHeader_2.54mm:PinHeader_1x02_P2.54mm_Vertical,
SW1,RESET,Button_Switch_SMD:SW_SPST_TL3342,
SW2,MODE,Button_Switch_SMD:SW_SPST_TL3342,
SW3,USER,Button_Switch_SMD:SW_SPST_TL3342,
R7,10k,Resistor_SMD:R_0603_1608Metric,
R8,10k,Resistor_SMD:R_0603_1608Metric,
R9,1k,Resistor_SMD:R_0603_1608Metric,
D2,GREEN,LED_SMD:LED_0603_1608Metric,
R10,1k,Resistor_SMD:R_0603_1608Metric,
D3,AMBER,LED_SMD:LED_0603_1608Metric,
U3,TLV9064IPWR,Package_SO:TSSOP-14_4.4x5mm_P0.65mm,
C15,100nF,Capacitor_SMD:C_0603_1608Metric,
C16,1uF,Capacitor_SMD:C_0603_1608Metric,
R11,1k,Resistor_SMD:R_0603_1608Metric,
C17,1nF,Capacitor_SMD:C_0603_1608Metric,
R12,100R,Resistor_SMD:R_0603_1608Metric,
R13,1k,Resistor_SMD:R_0603_1608Metric,
C18,1nF,Capacitor_SMD:C_0603_1608Metric,
R14,100R,Resistor_SMD:R_0603_1608Metric,
R15,1k,Resistor_SMD:R_0603_1608Metric,
C19,1nF,Capacitor_SMD:C_0603_1608Metric,
D4,BAT54WS,Diode_SMD:D_SOD-323,
D5,BAT54WS,Diode_SMD:D_SOD-323,
R16,1k,Resistor_SMD:R_0603_1608Metric,
C20,1nF,Capacitor_SMD:C_0603_1608Metric,
D6,BAT54WS,Diode_SMD:D_SOD-323,
D7,BAT54WS,Diode_SMD:D_SOD-323,
J2,TX I,Connector_Coaxial:SMA_Amphenol_132291_Vertical,
J3,TX Q,Connector_Coaxial:SMA_Amphenol_132291_Vertical,
J4,RX I,Connector_Coaxial:SMA_Amphenol_132291_Vertical,
J5,RX Q,Connector_Coaxial:SMA_Amphenol_132291_Vertical,
J6,SWD,Connector_PinHeader_1.27mm:PinHeader_2x05_P1.27mm_Vertical,
J7,DIGITAL,Connector_PinHeader_2.54mm:PinHeader_2x05_P2.54mm_Vertical,
J8,SPI / EXPANSION,Connector_PinHeader_2.54mm:PinHeader_2x04_P2.54mm_Vertical,
TP1,+3V3,TestPoint:TestPoint_Pad_D1.5mm,
TP2,+3V3_A,TestPoint:TestPoint_Pad_D1.5mm,
TP3,GND,TestPoint:TestPoint_Pad_D1.5mm,
TP4,NRST,TestPoint:TestPoint_Pad_D1.5mm,
TP5,CHIP_CLK,TestPoint:TestPoint_Pad_D1.5mm,
TP6,DAC_I,TestPoint:TestPoint_Pad_D1.5mm,
TP7,DAC_Q,TestPoint:TestPoint_Pad_D1.5mm,
TP8,ADC_I,TestPoint:TestPoint_Pad_D1.5mm,
TP9,ADC_Q,TestPoint:TestPoint_Pad_D1.5mm,
